,brand,price
0,Teclado Brazilpc Usb Bpc-8236 Comum Preto 1.3m Box,"R$ 18,50"
1,"Teclado sem fio Logitech K270 com Teclas de Mídia de Fácil Acesso, Conexão USB, Pilhas Inclusas e Layout ABNT2 - 920-004427","R$ 129,99"
2,"Teclado Sem Fio Microsoft 850, ABNT2 - PZ300005","R$ 149,99"
3,"Teclado Sem Fio Logitech MX Keys Mini, Iluminação Smart, Bluetooth, USB, Easy-Switch, Recarregável, Cinza Claro - 920-010506","R$ 579,99"
4,"Teclado Sem Fio Maxprint Office, Multimídia, ABNT2 - 6013471","R$ 69,99"
5,Teclado Wireless Logitech K400 Plus 920-007125,"R$ 119,00"
6,"Teclado sem fio Logitech K380 com Bluetooth Easy-Switch para 3 dispositivos para PC, Mac, Chrome, Android, iOS, Apple TV, Cinza - 920-007564","R$ 229,99"
7,"Teclado Sem Fio Logitech Signature K650, Bluetooth, USB, Com Apoio para as Mãos, US, Grafite - 920-010911","R$ 249,99"
8,"Teclado sem fio Logitech K400 Plus TV com Touchpad Integrado, Conexão USB Unifying e Layout ABNT2 - 920-007125","R$ 129,99"
9,"Teclado Sem Fio Logitech Signature K650, Bluetooth, USB, Com Apoio para as Mãos, US, Branco - 920-010965","R$ 227,99"
10,"Teclado Mecânico Sem Fio Logitech MX Mechanical, Iluminação, Switch Tactile Quiet, Bluetooth, USB, Preto - 920-010760","R$ 979,99"
11,"Teclado Sem Fio Logitech, Bluetooth, US - 920-007564","R$ 234,00"
12,"Teclado Sem Fio Magic Keyboard Apple para Mac, Bluetooth, Conector Lightning USB-C, Branco - MK2A3BZ/A","R$ 889,99"
13,"Teclado Logitech Multimidia  Preto,Sem Fio K270","R$ 138,08"
14,"Teclado Mecânico Sem Fio Logitech MX Mechanical Mini, Iluminação, Switch Tactile Quiet, Bluetooth, USB, Preto - 920-010783","R$ 899,99"
15,"Teclado Sem Fio Logitech MX Keys S, Com Iluminação Inteligente, Bluetooth ou USB, Logi Bolt e Bateria Recarregável, Grafite - 920-011563","R$ 809,99"
16,"Teclado sem fio Logitech K480 com Suporte Integrado para Smartphone e Tablet, Bluetooth Easy-Switch para 3 dispositivos - 920-006348","R$ 199,99"
17,"Teclado Sem Fio Logitech MX Keys Mini, Iluminação Smart, Bluetooth, USB, Easy-Switch, Recarregável, Grafite - 920-010505","R$ 719,99"
18,"Teclado Sem Fio Logitech K380, Bluetooth, Easy-Switch, US, Cinza Areia - 920-011390","R$ 219,99"
19,Teclado Usb Numerico Notebook 2.4 Sem Fio 20 Teclas Kp-2038,"R$ 64,89"
20,"Teclado Sem Fio Logitech Signature K650, Bluetooth, Usb Preto Us - 920-010911","R$ 279,82"
21,Apple Magic Keyboard com Touch ID e teclado numérico para Mac com chip da Apple - Inglês (EUA) - Black Keys - MMMR3BZ/A,"R$ 1.799,99"
22,"Teclado B-Max Para Apple Ipad, Ipod, Android, Samsung Galaxy, Bluetooth, Preto","R$ 71,00"
23,"Teclado Magic Keyboard Apple para Mac, Bluetooth, com Teclado Numérico e Conector Lightning, Padrão US, Prata - MQ052BZ/A","R$ 1.299,99"
24,"Teclado sem Fio Multi 3 Em 1, Bluetooth, Multimídia, ABNT2 - TC220","R$ 139,99"
25,"Teclado Logitech Mx Keys, Bluetooth, Mini 920-010505, Grafite","R$ 719,90"
26,Teclado Sem Fio Logitech K380 Bluetooth Bege Us - 920-011390,"R$ 237,99"
27,"Teclado Sem Fio Logitech Mx Keys, Bluetooth, USB, Receptor Unifying, Iluminação - 920-009297","R$ 892,49"
28,Teclado Sem Fio Goldentec Bluetooth ABNT2 Aluminum Gt Style,"R$ 229,90"
29,"Teclado Inboxmobile Bluetooth Sem Fio, Android, Ios, Ipad, Mac","R$ 49,99"
30,"Teclado Sem Fio Oex Tc504, Abnt2, Bluetooth Prime Comp C/ Todos Sistemas Operacionais","R$ 189,90"
31,"Teclado Sem Fio Magic Keyboard Apple para Mac, Touch ID, Bluetooth, Conector Lightning USB-C, Prata - MK293BZ/A","R$ 1.294,99"
32,"Teclado Bluetooth, Com Touchpad - Prime Goldentec","R$ 169,90"
33,"Teclado Sem Fio Logitech K480 Bluetooth, US, Multi-device - 920-006348","R$ 270,89"
34,"Mini Teclado Controle Sem Fio Qwerty, Função Toutch, Led, PC Smart","R$ 56,91"
35,Teclado Sem Fio Chip Sce Wireless 2.4GHZ Office Premium 5+ 015-0061,"R$ 83,20"
36,"Teclado Sem Fio Intelbras Wireless, ABNT2, Teclado Numérico - 4293200","R$ 99,12"
37,Teclado Sem Fio Logitech Signature K650 USB Branco,"R$ 335,96"
38,"Teclado Sem Fio Microsoft Designer Compacto, Bluetooth, Preto Fosco - 21Y-00022","R$ 451,99"
39,"Mini Teclado Air Mouse Sem Fio Usb 2,4ghz Android Pc Smar Tv","R$ 69,90"
40,"Teclado Evus, USB, ABNT2, Teclas Macias e Silenciosas, Design Arredondado, Ergonômico - TC-03O","R$ 33,94"
41,"Teclado Oex Tc506 Multimidia Bluetooth, Concept, Abnt2, Branco","R$ 142,00"
42,"Teclado Sem Fio, Logitech K380, Bluetooth Lilás Us - 920-011391","R$ 234,00"
43,Teclado Logitech Pop Keys - Coral - Sem Fio - 920-010711-c,"R$ 458,00"
44,"Teclado Sem Fio Maxprint Office Pro, Wireless, ABNT2, Teclas Multimídia, Preto -  6013471","R$ 66,65"
45,Teclado Flat Com Fio Tc300 Branco Abnt2 Oex,"R$ 71,44"
46,Teclado Sem Fio Logitech K380 Bluetooth LED Cinza Areia,"R$ 245,42"
47,"Teclado Sem Fio Knup, Bluetooth, ABNT2, Multimídia","R$ 78,99"
48,Mini Teclado Wireless Mini Keyboard Usb Sem Fio Com Touch Pad,"R$ 40,00"
49,"Teclado Sem Fio Microsoft Designer Compacto, Bluetooth, Branco Gelo - 21Y-00052","R$ 479,99"
50,"Teclado Mecânico Sem Fio Logitech POP Keys, Switch Brown, Bluetooth, Teclas Emoji Personalizáveis, USB, Daydream - 920-010711","R$ 579,99"
51,"Teclado Mecânico Steelseries Apex Pro Mini, RGB, Wireless","R$ 2.207,08"
52,"Mini Teclado Sem Fio Touchpad Keyboard Air Mouse Universal Ukb-500 P/ Android Tv, Pc, Notebook, Tv","R$ 39,90"
53,"Teclado OEX Pop, ABNT2 , Preto - TC400","R$ 79,90"
54,Teclado Usb Soft Wireless Com Multimídia Dedicado Ptosfwab 108069 Pcyes,"R$ 103,82"
55,"Teclado Sem Fio C3Tech Multi-Device, Bluetooth, com Suporte para Smartphone, Preto - K-BT200BK","R$ 111,99"
56,Teclado Sem Fio Maxprint Tv Plus - Touchpad Multitoque Integrado - Abnt2 - 6014276,"R$ 103,41"
57,"Teclado Mecânico Sem Fio Logitech POP Keys, Switch Brown, Bluetooth, Teclas Emoji Personalizáveis, USB, Amarelo Blast - 920-010710","R$ 629,99"
58,Teclado Duo Oex Tc507 Bluetooth E Wireless Abnt2  Preto.,"R$ 309,90"
59,Mini Teclado Com Air Mouse Sem Fio Wireless,"R$ 59,90"
60,Teclado Numérico Sem Fio Satechi St-salkpm,"R$ 599,00"
61,Teclado sem Fio Apple Magic Keyboard Mla22ll/a,"R$ 1.415,70"
62,"Mini Teclado Exbom, Com Touchpad, Wireless - Bk-bti8led","R$ 39,99"
63,"Teclado Bluetooth, Tablet Celular Notebook, Sem Fio, Macio - Branco","R$ 74,58"
64,"Teclado Gamer Mecânico Akko Steam Engine , Jelly Yellow- Branco","R$ 749,00"
65,"Kit Rapoo Teclado E Mouse, Sem Fio, Bt+2.4ghz, Preto - Ra038","R$ 187,90"
66,"Teclado Oex,Bluetooth Retrô Rosa, ABNT2, Tc510","R$ 122,00"
67,"Teclado Sem Fio Logitech MX Keys Mini, Iluminação Smart, Bluetooth, USB, Easy-Switch, Recarregável, Rosa - 920-010507","R$ 679,99"
68,"Teclado Vinik Bluetooth, ABNT, para Tablet e Smartphone, Preto - Dt200","R$ 133,07"
69,Air Mouse E Teclado Controle Remoto Wireless Box Pc,"R$ 59,90"
70,"Teclado Logitech G613, Mecânico, Sem Fio, Switch Tactile, Usb Ou Bluetooth - 920-008387","R$ 868,78"
71,Teclado Sem Fio Logitech Signature K650 USB Grafite,"R$ 294,45"
72,Teclado Wireless 2.4ghz Office 5+ 015-0081,"R$ 59,33"
73,"Teclado sem fio Logitech Mx Keys Business, Bluetooth - Bt 920-010243","R$ 836,82"
74,Teclado Flexível - Dk-14,"R$ 57,90"
75,Teclado Sem Fio Logitech Ergo K860 C/ Descanso De Pulso – Multi Device - Bluetooth - Usb,"R$ 731,00"
76,Teclado Philips K501 Sem Fio,"R$ 175,41"
77,Mouse Sem Fio Logitech Signature M650 Bluetooth Branco 1000 Dpi - 910-006252,"R$ 186,15"
78,Teclado Logitech Mx Mechanical Sem Fio 920-010760,"R$ 1.080,00"
79,"Teclado Sem Fio Targus Akf003us, Bluetooth Ergônomico Antimicrobiano Us, Preto","R$ 302,91"
80,Mini Teclado Wireless Keyboard Com Touchpad Com Led Usb Android Console E Tv,"R$ 39,90"
81,"Teclado Sem Fio Logitech Bluetooth, K380, Lilas","R$ 208,91"
82,"Teclado Sem Fio OEX, Bluetooth, ABNT2 - Tc502","R$ 189,90"
83,Teclado Microsoft Wireless 850 Preto - Pz3-00005,"R$ 161,91"
84,"Mini Teclado Controle Jataí Eletro, Sem Fio Qwerty Função Toutch, Led, Preto, Pc, Notebook, Smart Tv - Jtminitec100","R$ 59,90"
85,"Teclado Targus Kb55, Sem Fio, Bluetooth 3.0, US, Preto - Akb55ap","R$ 159,00"
86,"Teclado Sem Fio Magic Keyboard Apple Touch ID, Bluetooth, Conector Lightning USB-C - MK2C3BZ/A","R$ 1.639,99"
87,"Teclado Sem Fio, Logitech Signature K650, Bluetooth USB, Branco - Us - 920-010965","R$ 279,43"
88,"Teclado Mecânico Sem Fio Logitech POP Keys, Switch Brown, Bluetooth, Teclas Emoji Personalizáveis, USB, Rosa Heartbreaker - 920-010712","R$ 671,99"
89,"Teclado Targus Sem Fio, Bluetooth 5.1, Antimicrobiano Us, Preto - Akb863us","R$ 252,52"
90,"Mini Teclado Sem Fio Com Bateria Recarregavel Para Tv Smart , Xbox 360 , Ps3 E Outros Aparelhos","R$ 38,90"
91,"Teclado C3tech, Sem fio, C/ Touchpad, K-wt200bk","R$ 118,72"
92,"Teclado Touch Rapoo,Sem Fio 2.4ghz - K2800 - RA039","R$ 196,90"
93,"Teclado Chumbo  Oex,Bluetooth, Premium Touch ABNT2","R$ 249,90"
94,"Mini Teclado Air Mouse Sem Fio Usb Mac 2,4ghz Android Pc Tv","R$ 59,90"
95,"Mini Teclado Wireless Com Touch, Para Smart Tv, Preto, OEX - CK103","R$ 85,00"
96,Teclado Logitech Ergo - K860,"R$ 729,00"
97,Mini Teclado Mouse Iluminado Led Touchpad Wireless Bluetooth Wifi Sem Fio Bateria Usb I8 Preto,"R$ 38,90"
98,"Teclado C3tech K-wt100bk, Wireless Com Touch Pad Integrado, ABNT2","R$ 182,52"
99,"Teclado Sem fio Gamer OEX Elite, LED, Bluetooth, 14 teclas multimídia, Ultra Slim -  Tc501sv","R$ 188,10"
100,"Teclado Bluetooth Para Motorola Moto E22,Branco","R$ 91,97"
101,"Teclado Bluetooth Para Nokia 8.3 5g,Branco","R$ 91,97"
102,"Teclado Bluetooth Para Xiaomi Redmi Note 12s,Branco","R$ 91,97"
103,"Teclado Conexão Multimidia Usb Oex Tc10, Preto","R$ 37,90"
104,"Teclado Logitech Pop Keys, Sem Fio, Amarelo - 920-010710-c","R$ 458,00"
105,"Controle Remoto Air Mouse, Kapbom, 2.4g, Wireless, Keyboard, Backlight","R$ 116,90"
106,"Teclado Bluetooth Para Xiaomi Redmi Note 12,Branco","R$ 91,97"
107,"Teclado Bluetooth Para Xiaomi Redmi Note 12 Pro, Branco","R$ 91,97"
108,"Teclado Bluetooth C3tech Multi-device, Preto - K-bt200bk","R$ 103,61"
109,"Teclado Bluetooth Para Iphone 11,Branco","R$ 91,97"
110,"Teclado Bluetooth Para Lg Wing, Branco","R$ 91,97"
111,"Teclado Bluetooth Para Samsung Galaxy S23 Ultra,Branco","R$ 91,97"
112,"Teclado Bluetooth Para Motorola Moto E13,Branco","R$ 91,97"
113,"Teclado Multimídia USB Smart Support Kx, Preto, Mbtech Mb4447","R$ 74,99"
114,"Teclado Sem Fio Bt  Rapoo - Ra040,C/ Apoio Para Smartphones - XK100","R$ 223,90"
115,"Teclado Bluetooth Para Motorola Moto G53 5g,Branco","R$ 91,97"
116,"Mini Teclado, Keyboard, Sem Fio, Wireless Iluminado Luz Led - K01","R$ 54,99"
117,"Mini Teclado Jataí Sports Led Sem Fio Recarregável, Notebook, Pc, Tv","R$ 39,90"
118,"Teclado Sem Fio Cooler Master Ck721 65% RGB, Branco, Mecânico, Usb (switch Red)","R$ 988,90"
119,"Teclado Bluetooth Para Samsung Galaxy S22 Ultra,Branco","R$ 91,97"
120,"Teclado Bluetooth Para Samsung Galaxy S22 Ultra,Branco","R$ 91,97"
121,"Teclado Bluetooth Para Sony Xperia 5 Ii,Branco","R$ 91,97"
122,"Teclado Bluetooth Para Iphone 13, Branco","R$ 91,97"
123,"Teclado Sem Fio Cooler Master Ck721 65% RGB, Branco, Mecânico, Usb (switch Red)","R$ 988,90"
124,"Teclado Sem Fio Goldentec, Com Touchpad, Preto - GT87","R$ 169,90"
125,Teclado Sem Fio Logitech K760 Espanhol - Carregamento Por Energia Solar,"R$ 799,00"
126,"Mini Teclado, Sem Fio, Para Smart Tv Pc, Controle Iluminado","R$ 78,99"
127,"Mini Teclado Air Mouse Sem Fio Usb 2,4ghz Android Pc Smartv","R$ 76,90"
128,Air Mouse E Teclado Wireless Controle Remoto Box Pc E Outros,"R$ 69,90"
129,Controle Mini Teclado Air Mouse Wireless Sem Fio C120 Preto,"R$ 79,90"
130,Controle Air Mouse Teclado Wireless C120 Pc Smart T7,"R$ 79,90"
131,Controle Mini Teclado Air Mouse Recarregável,"R$ 79,90"
132,Teclado Sem Fio Logitech Pop Keys Heartbreaker - 920-010712,"R$ 458,00"
133,"Teclado Logitech MX Keys, Mini, Cinza, Padrão Us - 920-010506","R$ 719,90"
134,"Teclado sem fio Logitech MX Keys com Iluminação Inteligente, USB Unifying ou Bluetooth e Bateria Recarregável, ANSI - 920-009297",R$ ---
135,"Teclado Sem Fio Logitech K380, Bluetooth, Easy-Switch, US Lilás Lemonade - 920-011391",R$ ---
136,"Teclado Sem Fio Microsoft com Touchpad, Multimídia, ABNT2 - N9Z-00005",R$ ---
137,"Teclado Sem Fio Oex Class, Bluetooth, Suporte Integrado para Tablet e Smartphone, ABNT2, Branco - TC502",R$ ---
138,"Teclado Sem Fio Magic Keyboard Apple para Mac, Touch ID, Bluetooth, Conector Lightning USB-C, Prata - MK293BZ/A",R$ ---
139,"Teclado Sem Fio Mecânico Razer Pro Type, Bluetooth, LED Branco, Razer Switch Orange, Mercury White, US, Branco - RZ03-03070200-R3U1",R$ ---
140,"Teclado Sem Fio Oex Premiun Touch, Bluetooth, ABNT2 - TC 503",R$ ---
141,"Teclado Sem Fio OEX Elite, Bluetooth, ABNT 2, Preto - TC501",R$ ---
